{"graph_0": {"_type": "graph-file", "path": "media/graph/graph_0_summary_90abae06.graph.json", "sha256": "90abae06c4f3b4db12afd313cbe2bda8e84bfc75854e800e34a6cbf29b36dff4", "size": 27704}, "Best val metrics": {"accuracy": 0.5920000076293945, "precision": 0.2753036320209503, "recall": 0.7311828136444092, "f1": 0.39999999033177563, "aucroc": 0.678993775103615, "optimal_accuracy": -1, "optimal_threshold": -1}, "Best val loss": 0.7452721521258354, "_runtime": 173, "_timestamp": 1614082173, "_step": 0}