{"graph_0": {"_type": "graph-file", "path": "media/graph/graph_0_summary_1bf5ad6a.graph.json", "sha256": "1bf5ad6abf329b5cabe8a4532bb062481b766456390ebcdd75a489233316b954", "size": 27704}, "Best val metrics": {"accuracy": 0.5920000076293945, "precision": 0.2753036320209503, "recall": 0.7311828136444092, "f1": 0.39999999033177563, "aucroc": 0.6789617704949513, "optimal_accuracy": -1, "optimal_threshold": -1}, "Best val loss": 0.7456277664750814, "_runtime": 173, "_timestamp": 1614082401.8863118, "_step": 2, "global_step": 1, "Train/Epoch_Loss": 0.6137626767158508, "Train/F1": 0.41651490330696106, "Train/Precision": 0.3408413529396057, "Train/Recall": 0.5353798270225525, "Train/Accuracy": 0.6608235239982605, "Train/AUC-ROC": 0.6622111201286316, "Train/learning_rate": 1.596000038261991e-05, "Stats/time_validation": 3.0977563858032227, "Validation/Loss": 0.745627760887146, "Validation/F1": 0.3999999761581421, "Validation/Recall": 0.7311828136444092, "Validation/Precision": 0.2753036320209503, "Validation/Accuracy": 0.5920000076293945, "Validation/AUC-ROC": 0.6789617538452148}