{
    "dev": {
        "accuracy": 0.7239999771118164,
        "precision": 0.5829959511756897,
        "recall": 0.8044692873954773,
        "f1": 0.6760563426868141,
        "aucroc": 0.775967739354467,
        "optimal_accuracy": -1,
        "optimal_threshold": -1,
        "loss": 1.1509420853108168
    },
    "train": {
        "accuracy": 0.9828277826309204,
        "precision": 0.9822475910186768,
        "recall": 0.9801293611526489,
        "f1": 0.9811873328553166,
        "aucroc": 0.9979763053034959,
        "optimal_accuracy": -1,
        "optimal_threshold": -1,
        "loss": 0.05241183071180914
    },
    "test": {
        "test_seen": {}
    }
}