{
    "dev": {
        "accuracy": 0.671999990940094,
        "precision": 0.4534412920475006,
        "recall": 0.7943262457847595,
        "f1": 0.5773195860210008,
        "aucroc": 0.7583972091981246,
        "optimal_accuracy": -1,
        "optimal_threshold": -1,
        "loss": 1.335613870061934
    },
    "train": {
        "accuracy": 0.9818082451820374,
        "precision": 0.9790984392166138,
        "recall": 0.9792511463165283,
        "f1": 0.9791747868127162,
        "aucroc": 0.9976359664611352,
        "optimal_accuracy": -1,
        "optimal_threshold": -1,
        "loss": 0.05603351206242255
    },
    "test": {
        "test_seen": {}
    }
}