{
    "dev": {
        "accuracy": 0.6579999923706055,
        "precision": 0.6113360524177551,
        "recall": 0.6681416034698486,
        "f1": 0.6384778170087991,
        "aucroc": 0.7055415979901105,
        "optimal_accuracy": -1,
        "optimal_threshold": -1,
        "loss": 2.19033776037395
    },
    "train": {
        "accuracy": 0.9047058820724487,
        "precision": 0.9417025446891785,
        "recall": 0.8176589012145996,
        "f1": 0.875307879178862,
        "aucroc": 0.9671537478472865,
        "optimal_accuracy": -1,
        "optimal_threshold": -1,
        "loss": 0.4786898635565898
    },
    "test": {
        "test_seen": {}
    }
}