{
    "dev": {
        "accuracy": 0.6200000047683716,
        "precision": 0.3684210479259491,
        "recall": 0.7279999852180481,
        "f1": 0.48924730434076524,
        "aucroc": 0.7117344897665264,
        "optimal_accuracy": -1,
        "optimal_threshold": -1,
        "loss": 1.588130010291934
    },
    "train": {
        "accuracy": 0.9812483787536621,
        "precision": 0.9595892429351807,
        "recall": 0.9685723781585693,
        "f1": 0.9640598847288422,
        "aucroc": 0.9968566919314926,
        "optimal_accuracy": -1,
        "optimal_threshold": -1,
        "loss": 0.05548572792839776
    },
    "test": {
        "test_seen": {}
    }
}