{
    "dev": {
        "accuracy": 0.7160000205039978,
        "precision": 0.5748987793922424,
        "recall": 0.7932960987091064,
        "f1": 0.6666666659027066,
        "aucroc": 0.7691187531004466,
        "optimal_accuracy": -1,
        "optimal_threshold": -1,
        "loss": 1.1412867866456509
    },
    "train": {
        "accuracy": 0.980650007724762,
        "precision": 0.9786304831504822,
        "recall": 0.9771063923835754,
        "f1": 0.9778678439108984,
        "aucroc": 0.9964929923439793,
        "optimal_accuracy": -1,
        "optimal_threshold": -1,
        "loss": 0.06310645013886315
    },
    "test": {
        "test_seen": {}
    }
}