{
    "dev": {
        "accuracy": 0.6480000019073486,
        "precision": 0.49392712116241455,
        "recall": 0.7052023410797119,
        "f1": 0.5809523877683948,
        "aucroc": 0.727480757229041,
        "optimal_accuracy": -1,
        "optimal_threshold": -1,
        "loss": 0.7789191007614136
    },
    "train": {
        "accuracy": 0.9656470417976379,
        "precision": 0.9579330682754517,
        "recall": 0.9460254907608032,
        "f1": 0.9519420438331399,
        "aucroc": 0.9931124045069059,
        "optimal_accuracy": -1,
        "optimal_threshold": -1,
        "loss": 0.09643011820971742
    },
    "test": {
        "test_seen": {}
    }
}