{
    "dev": {
        "accuracy": 0.7059999704360962,
        "precision": 0.546558678150177,
        "recall": 0.7941176295280457,
        "f1": 0.6474819901043155,
        "aucroc": 0.776063753180458,
        "optimal_accuracy": -1,
        "optimal_threshold": -1,
        "loss": 0.73083132551983
    },
    "train": {
        "accuracy": 0.9790977835655212,
        "precision": 0.9774621725082397,
        "recall": 0.9767082929611206,
        "f1": 0.977085087318919,
        "aucroc": 0.9960644085596779,
        "optimal_accuracy": -1,
        "optimal_threshold": -1,
        "loss": 0.06695488887470785
    },
    "test": {
        "test_seen": {}
    }
}