{
    "dev": {
        "accuracy": 0.6480000019073486,
        "precision": 0.4898785352706909,
        "recall": 0.707602322101593,
        "f1": 0.5789473576486603,
        "aucroc": 0.717495319325983,
        "optimal_accuracy": -1,
        "optimal_threshold": -1,
        "loss": 0.8984851539134979
    },
    "train": {
        "accuracy": 0.978352963924408,
        "precision": 0.9725074768066406,
        "recall": 0.9667434692382812,
        "f1": 0.9696169068842528,
        "aucroc": 0.9967478365897572,
        "optimal_accuracy": -1,
        "optimal_threshold": -1,
        "loss": 0.06415275733040898
    },
    "test": {
        "test_seen": {}
    }
}