{
    "dev": {
        "accuracy": 0.699999988079071,
        "precision": 0.5708501935005188,
        "recall": 0.7621621489524841,
        "f1": 0.6527777670950352,
        "aucroc": 0.782768718695492,
        "optimal_accuracy": -1,
        "optimal_threshold": -1,
        "loss": 1.052264982368797
    },
    "train": {
        "accuracy": 0.9794418811798096,
        "precision": 0.9632328748703003,
        "recall": 0.9635519981384277,
        "f1": 0.9633924100770078,
        "aucroc": 0.9966574176938032,
        "optimal_accuracy": -1,
        "optimal_threshold": -1,
        "loss": 0.06299995013579887
    },
    "test": {
        "test_seen": {}
    }
}