{
    "dev": {
        "accuracy": 0.6600000262260437,
        "precision": 0.38461539149284363,
        "recall": 0.8407079577445984,
        "f1": 0.5277777829016616,
        "aucroc": 0.7679825894928869,
        "optimal_accuracy": -1,
        "optimal_threshold": -1,
        "loss": 0.8882335145026445
    },
    "train": {
        "accuracy": 0.9747906923294067,
        "precision": 0.9496521949768066,
        "recall": 0.9601473808288574,
        "f1": 0.9548709500793597,
        "aucroc": 0.9952602173900655,
        "optimal_accuracy": -1,
        "optimal_threshold": -1,
        "loss": 0.07234628250825197
    },
    "test": {
        "test_seen": {}
    }
}